{
  "gospels": [
    "matthew",
    "mark",
    "luke",
    "john"
  ],
  "best_layer": 21,
  "best_accuracy": 0.62877030162413,
  "layer_accuracies": [
    0.2853828306264501,
    0.31322505800464034,
    0.45707656612529,
    0.2853828306264501,
    0.3990719257540603,
    0.31554524361948955,
    0.345707656612529,
    0.5197215777262181,
    0.5127610208816705,
    0.4756380510440835,
    0.4222737819025522,
    0.3294663573085847,
    0.42923433874709976,
    0.2853828306264501,
    0.2877030162412993,
    0.2853828306264501,
    0.33642691415313225,
    0.4617169373549884,
    0.5614849187935035,
    0.5916473317865429,
    0.617169373549884,
    0.62877030162413,
    0.5939675174013921,
    0.5846867749419954,
    0.5614849187935035,
    0.5336426914153132,
    0.5568445475638051,
    0.4408352668213457,
    0.33178654292343385,
    0.29698375870069604,
    0.2737819025522042,
    0.31554524361948955
  ],
  "num_layers": 32,
  "hidden_dim": 4096,
  "pca_variance_threshold": 0.5
}